id1,id2,title1,title2,jaccard_similarity
0708.3776,0708.3779,Comment: Fisher Lecture: Dimension Reduction in Regression,Comment: Fisher Lecture: Dimension Reduction in Regression,1.0
0708.3777,0708.3779,Comment: Fisher Lecture: Dimension Reduction in Regression,Comment: Fisher Lecture: Dimension Reduction in Regression,1.0
0708.1068,0709.0595,Capability of multi-detector analyses on supernova neutrinos,Observables in multi-detector analyses of supernova neutrinos,1.0
0708.0098,0708.0132,"Discussion of ``2004 IMS Medallion Lecture: Local Rademacher
  complexities and oracle inequalities in risk minimization'' by V.
  Koltchinskii","Discussion of ``2004 IMS Medallion Lecture: Local Rademacher
  complexities and oracle inequalities in risk minimization'' by V.
  Koltchinskii",1.0
0708.0089,0708.0124,"Discussion of \"2004 IMS Medallion Lecture: Local Rademacher complexities
  and oracle inequalities in risk minimization\" by V. Koltchinskii","Discussion of ``2004 IMS Medallion Lecture: Local Rademacher
  complexities and oracle inequalities in risk minimization'' by V.
  Koltchinskii",1.0
0708.0089,0708.0094,"Discussion of \"2004 IMS Medallion Lecture: Local Rademacher complexities
  and oracle inequalities in risk minimization\" by V. Koltchinskii","Discussion of ``2004 IMS Medallion Lecture: Local Rademacher
  complexities and oracle inequalities in risk minimization'' by V.
  Koltchinskii",1.0
0708.0089,0708.0132,"Discussion of \"2004 IMS Medallion Lecture: Local Rademacher complexities
  and oracle inequalities in risk minimization\" by V. Koltchinskii","Discussion of ``2004 IMS Medallion Lecture: Local Rademacher
  complexities and oracle inequalities in risk minimization'' by V.
  Koltchinskii",1.0
0708.0098,0708.0121,"Discussion of ``2004 IMS Medallion Lecture: Local Rademacher
  complexities and oracle inequalities in risk minimization'' by V.
  Koltchinskii","Discussion of ``2004 IMS Medallion Lecture: Local Rademacher
  complexities and oracle inequalities in risk minimization'' by V.
  Koltchinskii",1.0
0704.2327,0704.2331,Symmetries in the system of type $A_5^{(2)}$,Symmetries in the system of type $D_4^{(1)}$,1.0
0704.0489,0704.0573,"Relativistic treatment in D-dimensions to a spin-zero particle with
  noncentral equal scalar and vector ring-shaped Kratzer potential","Elativistic treatment in}$D$ - Dimensions to a spin-zero particle with
  noncentral equal scalar and vector ring-shaped Kratzer potential",1.0
0708.0094,0708.0124,"Discussion of ``2004 IMS Medallion Lecture: Local Rademacher
  complexities and oracle inequalities in risk minimization'' by V.
  Koltchinskii","Discussion of ``2004 IMS Medallion Lecture: Local Rademacher
  complexities and oracle inequalities in risk minimization'' by V.
  Koltchinskii",1.0
0708.0121,0708.0132,"Discussion of ``2004 IMS Medallion Lecture: Local Rademacher
  complexities and oracle inequalities in risk minimization'' by V.
  Koltchinskii","Discussion of ``2004 IMS Medallion Lecture: Local Rademacher
  complexities and oracle inequalities in risk minimization'' by V.
  Koltchinskii",1.0
0708.0287,0708.0288,Comment: Expert Elicitation for Reliable System Design,Comment: Expert Elicitation for Reliable System Design,1.0
0707.2854,0710.0722,"Boost invariance of the gravitational field dynamics: quantization
  without time gauge",Boost symmetry in the Quantum Gravity sector,1.0
0708.0089,0708.0121,"Discussion of \"2004 IMS Medallion Lecture: Local Rademacher complexities
  and oracle inequalities in risk minimization\" by V. Koltchinskii","Discussion of ``2004 IMS Medallion Lecture: Local Rademacher
  complexities and oracle inequalities in risk minimization'' by V.
  Koltchinskii",1.0
0704.0026,0704.0112,"Placeholder Substructures II: Meta-Fractals, Made of Box-Kites, Fill
  Infinite-Dimensional Skies","Placeholder Substructures III: A Bit-String-Driven ''Recipe Theory'' for
  Infinite-Dimensional Zero-Divisor Spaces",1.0
0704.3882,0710.2085,Screening masses in the SU(3) pure gauge theory and universality,Screening masses in the SU(3) pure gauge theory and universality,1.0
0707.3537,0710.0347,"Diquark Representations for Singly Heavy Baryons with Light Staggered
  Quarks",Staggered Diquarks for the Singly Heavy Baryons,1.0
0705.4660,0708.2404,"Unquenching effects on the coefficients of the L\\\"uscher-Weisz action","Unquenching Effects on the Coefficients of the L\\\"uscher-Weisz Action",1.0
0708.0285,0708.0288,Comment: Expert Elicitation for Reliable System Design,Comment: Expert Elicitation for Reliable System Design,1.0
0708.0098,0708.0124,"Discussion of ``2004 IMS Medallion Lecture: Local Rademacher
  complexities and oracle inequalities in risk minimization'' by V.
  Koltchinskii","Discussion of ``2004 IMS Medallion Lecture: Local Rademacher
  complexities and oracle inequalities in risk minimization'' by V.
  Koltchinskii",1.0
0708.0124,0708.0132,"Discussion of ``2004 IMS Medallion Lecture: Local Rademacher
  complexities and oracle inequalities in risk minimization'' by V.
  Koltchinskii","Discussion of ``2004 IMS Medallion Lecture: Local Rademacher
  complexities and oracle inequalities in risk minimization'' by V.
  Koltchinskii",1.0
0708.0121,0708.0124,"Discussion of ``2004 IMS Medallion Lecture: Local Rademacher
  complexities and oracle inequalities in risk minimization'' by V.
  Koltchinskii","Discussion of ``2004 IMS Medallion Lecture: Local Rademacher
  complexities and oracle inequalities in risk minimization'' by V.
  Koltchinskii",1.0
0706.1692,0706.2732,"A Methodology for Efficient Space-Time Adapter Design Space Exploration:
  A Case Study of an Ultra Wide Band Interleaver",A Design Methodology for Space-Time Adapter,1.0
0708.0317,0708.0338,"Comment: Monitoring Networked Applications With Incremental Quantile
  Estimation","Comment: Monitoring Networked Applications With Incremental Quantile
  Estimation",1.0
0705.2762,0705.2764,Complementarity in the Bohr-Einstein Photon Box,Complementarity in the Einstein-Bohr Photon Box,1.0
0708.0285,0708.0287,Comment: Expert Elicitation for Reliable System Design,Comment: Expert Elicitation for Reliable System Design,1.0
0705.0328,0705.0330,"The Dynamical State fo the Starless Dense Core FeSt 1-457: A Pulsating
  Globule?","The Dynamical State of the Starless Dense Core FeSt 1-457: A Pulsating
  Globule?",1.0
0708.0094,0708.0132,"Discussion of ``2004 IMS Medallion Lecture: Local Rademacher
  complexities and oracle inequalities in risk minimization'' by V.
  Koltchinskii","Discussion of ``2004 IMS Medallion Lecture: Local Rademacher
  complexities and oracle inequalities in risk minimization'' by V.
  Koltchinskii",1.0
0708.0089,0708.0098,"Discussion of \"2004 IMS Medallion Lecture: Local Rademacher complexities
  and oracle inequalities in risk minimization\" by V. Koltchinskii","Discussion of ``2004 IMS Medallion Lecture: Local Rademacher
  complexities and oracle inequalities in risk minimization'' by V.
  Koltchinskii",1.0
0708.0094,0708.0121,"Discussion of ``2004 IMS Medallion Lecture: Local Rademacher
  complexities and oracle inequalities in risk minimization'' by V.
  Koltchinskii","Discussion of ``2004 IMS Medallion Lecture: Local Rademacher
  complexities and oracle inequalities in risk minimization'' by V.
  Koltchinskii",1.0
0708.3776,0708.3777,Comment: Fisher Lecture: Dimension Reduction in Regression,Comment: Fisher Lecture: Dimension Reduction in Regression,1.0
0705.0233,0705.0403,"Coordination for a Group of Autonomous Mobile Agents with Multiple
  Leaders","Tracking control for multi-agent consensus with an active leader and
  variable topology",1.0
0708.0094,0708.0098,"Discussion of ``2004 IMS Medallion Lecture: Local Rademacher
  complexities and oracle inequalities in risk minimization'' by V.
  Koltchinskii","Discussion of ``2004 IMS Medallion Lecture: Local Rademacher
  complexities and oracle inequalities in risk minimization'' by V.
  Koltchinskii",1.0
0709.4119,0710.0377,"Idempotent and tropical mathematics and problems of mathematical physics
  (Volume II)","Idempotent and tropical mathematics and problems of mathematical physics
  (Volume I)",1.0
0709.0683,0709.0686,"Framework for a low-cost intra-operative image-guided neuronavigator
  including brain shift compensation","Bio-Mechanical Model of the Brain for a Per-Operative Image-Guided
  Neuronavigator Compensating for \"Brain-Shift\" Deformations",1.0
0706.1323,0706.1324,GRB 030329: 3 years of radio afterglow monitoring,GRB 030329: three years of radio afterglow monitoring,1.0
0705.2075,0705.2076,Vanishing and injectivity theorems for LMMP,Notes on the log minimal model program,1.0
0706.0506,0706.0509,"Diffuse Gamma-Rays Produced in Cosmic-Ray Interactions and the TeV-band
  Spectrum of RX J1713.7-3946","Gamma-Rays Produced in Cosmic-Ray Interactions and the TeV-band Spectrum
  of RX J1713.7-3946",1.0
0709.0669,0710.0481,G_2 gauge theory at finite temperature,Confinement: $G_2$ group case,1.0
0707.3744,0710.2437,"16-20 Jupiter mass RV companion orbiting the brown dwarf candidate
  ChaHa8","Discovery of 18 Jupiter mass RV companion orbiting the brown dwarf
  candidate ChaHa8",0.9873417721518988
0705.0982,0707.3666,A New Three-DOF Parallel Mechanism: Milling Machine Applications,Kinematic Analysis of a New Parallel Machine Tool: the Orthoglide,0.9814814814814815
0709.2544,0710.2035,Electroweak Contributions to Squark Pair Production at the LHC,Electroweak Contributions to Squark Pair Production,0.9777777777777777
0706.1137,0709.4015,Automatically Restructuring Practice Guidelines using the GEM DTD,"From Texts to Structured Documents: The Case of Health Practice
  Guidelines",0.9772727272727273
0705.0738,0707.3534,The Optimization of a Novel Prismatic Drive,The Kinetostatic Optimization of a Novel Prismatic Drive,0.9743589743589743
0704.1827,0709.3826,Transaction-Oriented Simulation In Ad Hoc Grids,Research Paper on Transaction-Oriented Simulation In Ad Hoc Grids,0.9672131147540983
0707.3548,0709.1272,Parallel Tiled QR Factorization for Multicore Architectures,"A Class of Parallel Tiled Linear Algebra Algorithms for Multicore
  Architectures",0.9577464788732394
0710.0281,0710.0292,"How to reveal the mysteries of the most obscured high-energy sources of
  our Galaxy, discovered by INTEGRAL?","Obscured sources and Supergiant Fast X-ray Transients: new classes of
  high mass X-ray binaries",0.9545454545454546
0706.1215,0707.3756,Depth three towers and Jacobson-Bourbaki correspondence,Finite depth and Jacobson-Bourbaki correspondence,0.9523809523809523
0708.1946,0709.3538,"Vector and Axial Nucleon Form Factors:A Duality Constrained
  Parameterization","Extraction of the Axial Nucleon Form Factor from Neutrino Experiments on
  Deuterium",0.9473684210526315
0707.0356,0707.0359,No Higgs at the LHC ?! A case for the ILC,SM scalar and extra singlet(s),0.9473684210526315
0707.4123,0709.1584,Systematic errors of bound-state parameters obtained with SVZ sum rules,"Can one control systematic errors of QCD sum rule predictions for bound
  states?",0.9464285714285714
0707.1543,0707.1917,A New Experiment to Study Hyperon CP Violation and the Charmonium System,"A New Experiment to Study Hyperon CP Violation, Charmonium, and Charm",0.9411764705882353
0707.4407,0708.2069,"Relativistic nature of a magnetoelectric modulus of Cr_2O_3-crystals: a
  new 4-dimensional pseudoscalar and its measurement","Relativistic analysis of magnetoelectric crystals: extracting a new
  4-dimensional P odd and T odd pseudoscalar from Cr_2 O_3 data",0.9411764705882353
0709.4257,0710.1825,"Thermodynamical Analogy Between BTZ Black Holes and Effective String
  Theory",Thermodynamics of Charged BTZ Black Holes and Effective String Theory,0.9354838709677419
0705.1394,0708.3613,The Orthoglide: Kinematics and Workspace Analysis,"Kinematics and Workspace Analysis of a Three-Axis Parallel Manipulator:
  the Orthoglide",0.9318181818181818
0704.3878,0705.1788,"A Game-Theoretic Approach to Energy-Efficient Modulation in CDMA
  Networks with Delay Constraints","A Game-Theoretic Approach to Energy-Efficient Modulation in CDMA
  Networks with Delay QoS Constraints",0.9315068493150684
0709.0587,0710.0380,What can we learn from fluctuations of particle ratios?,Fluctuations of particle ratios as a freeze-out probe,0.9285714285714286
0705.2464,0707.3847,Scaling Relations of Compressible MHD Turbulence,Aspects of Density Fluctuations in Compressible MHD Turbulence,0.9270833333333334
0709.0712,0709.0715,Invariant theory of abelian transvection groups,On Chevalley-Shephard-Todd's theorem in positive characteristic,0.925
0704.3886,0708.2303,A Note on Ontology and Ordinary Language,Compositional Semantics Grounded in Commonsense Metaphysics,0.9230769230769231
0708.2934,0709.2807,"Observation of Galactic Sources of Very High Energy Gamma-Rays with the
  MAGIC Telescope",Observations of VHE gamma-Ray Sources with the MAGIC Telescope,0.9210526315789473
0709.1608,0709.4221,First results on e^+e^- -> 3 jets at NNLO,"NNLO QCD corrections to event shape variables in electron positron
  annihilation",0.918918918918919
0710.1372,0710.2459,"The average kinetic energy density of Cooper pairs above T_c in
  YBa_2Cu_3O_{7-x}}, Bi_2Sr_2CaCu_2O_{8+\\delta}, and Nb}","The average kinetic energy density of Cooper pairs above $T_c$ in ${\\rm
  YBa_2Cu_3O_{7-x}}$, ${\\rm Bi_2Sr_2CaCu_2O_{8+\\delta}}$, and ${\\rm Nb}$",0.9166666666666666
0704.1072,0710.0196,"A Faddeev Calculation for Pentaquark $\\Theta^+$ in Diquark Picture with
  Nambu-Jona-Lasinio Type Interaction","Faddeev calculation of pentaquark $\\Theta^+$ in the Nambu-Jona-Lasinio
  model-based diquark picture",0.9148936170212766
0707.3533,0709.0722,"Exact Extended Supersymmetry on a Lattice: Twisted N=4 Super Yang-Mills
  in Three Dimensions",Lattice Formulation of the N=4 D=3 Twisted Super Yang-Mills,0.9130434782608695
0707.2229,0707.3673,"The Computation of All 4R Serial Spherical Wrists With an Isotropic
  Architecture","The Computation of All 4R Serial Spherical Wrists With an Isotropic
  Architecture",0.9125
0709.0148,0709.1313,Entanglement of Accelerating Particles,"Entanglement of Uniformly Accelerating Schrodinger, Dirac, and Scalar
  Particles",0.9111111111111111
0705.2391,0705.3006,Torsion units in integral group ring of Higman-Sims simple group,Integral group ring of Rudvalis simple group,0.9090909090909091
0705.0714,0710.2118,CKM and Tri-bimaximal MNS Matrices in a SU(5) x (d)T Model,Tri-bimaximal Neutrino Mixing and CKM Matrix in a SU(5)x(d)T Model,0.9047619047619048
0707.3524,0708.2348,"Voids in the Local Volume: a limit on appearance of a galaxy in a DM
  halo",Properties of voids in the Local Volume,0.8928571428571429
0709.4574,0710.0329,"Light quark masses and pseudoscalar decay constants from Nf=2 Lattice
  QCD with twisted mass fermions","Light quark masses and pseudoscalar decay constants from Nf=2 twisted
  mass QCD",0.8840579710144928
0707.2404,0707.2816,"Regularity of Solutions to Second-Order Integral Functionals in
  Variational Calculus","Regularity of solutions to higher-order integrals of the calculus of
  variations",0.8787878787878788
0705.1992,0705.3002,Integral group ring of the Mathieu simple group M24,Integral group ring of the McLaughlin simple group,0.875
0706.2247,0710.0911,A refinement of Khovanov-Rozansky link homology,Discrete sets with minimal moment of inertia,0.875
0706.3431,0707.1382,Motion of Hexagonal Pencil on an Inclined Plane,Thermal Phase in Bubbling Geometries,0.875
0707.4642,0709.4589,"Subnanosecond Ellipticity Detector for Laser Radiation (second version,
  extended)","All-electric detectors of the polarization state of terahertz laser
  radiation (extended version)",0.8536585365853658
0704.3679,0708.0118,Holographic Chaplygin gas model,Interacting holographic generalized Chaplygin gas model,0.85
0707.0544,0707.0549,"A catalogue of low-mass X-ray binaries in the Galaxy, LMC, and SMC
  (Fourth edition)",Catalogue of high-mass X-ray binaries in the Galaxy ($4^{th}$ edition),0.8450704225352113
0708.1496,0708.1512,A Light-Based Device for Solving the Hamiltonian Path Problem,Solving the Hamiltonian path problem with a light-based computer,0.8444444444444444
0709.1917,0709.3866,Seeking a solution of the Pioneer Anomaly,Search for a Solution of the Pioneer Anomaly,0.8421052631578947
0708.4214,0709.0124,"High Rate Single-Symbol Decodable Precoded DSTBCs for Cooperative
  Networks","High Rate Single-Symbol ML Decodable Precoded DSTBCs for Cooperative
  Networks",0.8390804597701149
0705.2212,0709.0822,Low-dimensional Supersymmetric Lattice Models,Supersymmetric lattice models in one and two dimensions,0.8375
0706.1692,0706.3009,"A Methodology for Efficient Space-Time Adapter Design Space Exploration:
  A Case Study of an Ultra Wide Band Interleaver","Application of a design space exploration tool to enhance interleaver
  generation",0.8375
0706.2732,0706.3009,A Design Methodology for Space-Time Adapter,"Application of a design space exploration tool to enhance interleaver
  generation",0.8375
0705.3856,0708.2742,Gamma-ray albedo of the moon,The Gamma-ray Albedo of the Moon,0.8367346938775511
0709.1157,0710.2087,Impact of slepton generation mixing on the search for sneutrinos,"Impact of slepton generation mixing on the search for sneutrinos -
  Lepton flavour violation in sneutrino production and decays in the general
  MSSM",0.8363636363636363
0708.2802,0709.0110,"Plasma induced neutrino spin-flip in a supernova and new bounds on the
  neutrino magnetic moment","New bounds on the neutrino magnetic moment from the plasma induced
  neutrino chirality flip in a supernova",0.8333333333333334
0708.1827,0708.1946,"Modeling Atmospheric Neutrino Interactions: Duality Constrained
  Parameterization of Vector and Axial Nucleon Form Factors","Vector and Axial Nucleon Form Factors:A Duality Constrained
  Parameterization",0.8305084745762712
0706.1672,0707.2572,"Resonant phenomena in extended chaotic systems subject to external
  noise: the Lorenz'96 model case",Noise effects in extended chaotic system: study on the Lorenz'96 model,0.8305084745762712
0704.0772,0704.0783,Stability of a colocated finite volume scheme for the incompressible Navier-Stokes equations,Stability of a finite volume scheme for the incompressible fluids,0.8297872340425532
0708.0098,0708.0135,"Discussion of ``2004 IMS Medallion Lecture: Local Rademacher
  complexities and oracle inequalities in risk minimization'' by V.
  Koltchinskii","Rejoinder: 2004 IMS Medallion Lecture: Local Rademacher complexities and
  oracle inequalities in risk minimization",0.8235294117647058
0708.0124,0708.0135,"Discussion of ``2004 IMS Medallion Lecture: Local Rademacher
  complexities and oracle inequalities in risk minimization'' by V.
  Koltchinskii","Rejoinder: 2004 IMS Medallion Lecture: Local Rademacher complexities and
  oracle inequalities in risk minimization",0.8235294117647058
0708.0121,0708.0135,"Discussion of ``2004 IMS Medallion Lecture: Local Rademacher
  complexities and oracle inequalities in risk minimization'' by V.
  Koltchinskii","Rejoinder: 2004 IMS Medallion Lecture: Local Rademacher complexities and
  oracle inequalities in risk minimization",0.8235294117647058
0708.0132,0708.0135,"Discussion of ``2004 IMS Medallion Lecture: Local Rademacher
  complexities and oracle inequalities in risk minimization'' by V.
  Koltchinskii","Rejoinder: 2004 IMS Medallion Lecture: Local Rademacher complexities and
  oracle inequalities in risk minimization",0.8235294117647058
0708.0089,0708.0135,"Discussion of \"2004 IMS Medallion Lecture: Local Rademacher complexities
  and oracle inequalities in risk minimization\" by V. Koltchinskii","Rejoinder: 2004 IMS Medallion Lecture: Local Rademacher complexities and
  oracle inequalities in risk minimization",0.8235294117647058
0708.0094,0708.0135,"Discussion of ``2004 IMS Medallion Lecture: Local Rademacher
  complexities and oracle inequalities in risk minimization'' by V.
  Koltchinskii","Rejoinder: 2004 IMS Medallion Lecture: Local Rademacher complexities and
  oracle inequalities in risk minimization",0.8235294117647058
0708.3428,0708.4127,"A new renormalization approach to the Dirichlet Casimir effect for
  \\phi^4 theory in (1+1) dimensions","The Dirichlet Casimir effect for $\\phi^4$ theory in (3+1) dimensions: A
  new renormalization approach",0.8192771084337349
0705.0144,0706.2977,Formality of function spaces,Rational formality of function spaces,0.8181818181818182
0708.0338,0708.0339,"Comment: Monitoring Networked Applications With Incremental Quantile
  Estimation","Rejoinder: Monitoring Networked Applications With Incremental Quantile
  Estimation",0.8181818181818182
0708.0317,0708.0339,"Comment: Monitoring Networked Applications With Incremental Quantile
  Estimation","Rejoinder: Monitoring Networked Applications With Incremental Quantile
  Estimation",0.8181818181818182
0708.3106,0710.2942,Rapidity gap survival in the black-disk regime,Rapidity gap survival in the black-disk regime,0.8113207547169812
0708.1827,0709.3538,"Modeling Atmospheric Neutrino Interactions: Duality Constrained
  Parameterization of Vector and Axial Nucleon Form Factors","Extraction of the Axial Nucleon Form Factor from Neutrino Experiments on
  Deuterium",0.8103448275862069
0705.1766,0705.1767,Recursive Parameter Estimation: Convergence,Rate of Convergence in Recursive Parameter Estimation procedures,0.8095238095238095
0704.1977,0704.2113,The Jumping Phenomenon of Hodge Numbers,"The Jumping Phenomenon of the Dimensions of Cohomology Groups of Tangent
  Sheaf",0.8076923076923077
0704.2321,0704.2334,No multi-graviton theories in the presence of a Dirac field,"No interactions for a collection of spin-two fields intermediated by a
  massive Rarita-Schwinger field",0.8070175438596491
0704.2559,0704.2683,Is there a relativistic nonlinear generalization of quantum mechanics?,"A relativistic gauge theory of nonlinear quantum mechanics and Newtonian
  gravity",0.8064516129032258
0705.2275,0707.0899,S_4 Flavor Symmetry Embedded into SU(3) and Lepton Masses and Mixing,Broken SU(3) Flavor Symmetry and Tribimaximal Neutrino Mixing,0.8043478260869565
0705.4556,0708.0669,Quantization of symplectic vector spaces over finite fields,Notes on quantization of symplectic vector spaces over finite fields,0.8043478260869565
0708.3777,0708.3781,Comment: Fisher Lecture: Dimension Reduction in Regression,Rejoinder: Fisher Lecture: Dimension Reduction in Regression,0.8
0708.3426,0710.1178,Sally modules of rank one,The structure of Sally modules of rank one,0.8
0708.4121,0709.0060,"Estimates for parameters and characteristics of the confining
  SU(3)-gluonic field in \\pi^0-meson from one- and two-photon decays","Estimates for parameters and characteristics of the confining
  SU(3)-gluonic field in $\\eta$-meson from two-photon decay",0.8
0708.0288,0708.0293,Comment: Expert Elicitation for Reliable System Design,Rejoinder: Expert Elicitation for Reliable System Design,0.8
0708.0287,0708.0293,Comment: Expert Elicitation for Reliable System Design,Rejoinder: Expert Elicitation for Reliable System Design,0.8
0704.2958,0707.0382,"Why are accreting T Tauri stars observed to be less luminous in X-rays
  than non-accretors?","Why are accreting T Tauri stars less luminous in X-rays than
  non-accretors?",0.8
0708.3776,0708.3781,Comment: Fisher Lecture: Dimension Reduction in Regression,Rejoinder: Fisher Lecture: Dimension Reduction in Regression,0.8
0708.0285,0708.0293,Comment: Expert Elicitation for Reliable System Design,Rejoinder: Expert Elicitation for Reliable System Design,0.8
0704.2467,0704.2476,"Coupled Painlev\\'e III systems with affine Weyl group symmetry of types
  $B_5^{(1)},D_5^{(1)}$ and $D_6^{(2)}$","Coupled Painlev\\'e III systems with affine Weyl group symmetry of types
  $B_4^{(1)}$, $D_4^{(1)}$ and $D_5^{(2)}$",0.8
0708.3779,0708.3781,Comment: Fisher Lecture: Dimension Reduction in Regression,Rejoinder: Fisher Lecture: Dimension Reduction in Regression,0.8
0706.2391,0710.2506,"From Random Processes to Generalized Fields: A Unified Approach to
  Stochastic Integration",Stochastic Integrals and Evolution Equations with Gaussian Random Fields,0.8
0705.2134,0705.2204,"Primordial Neutrinos, Cosmological Perturbations in Interacting
  Dark-Energy Model: CMB and LSS","Probing for Dynamics of Dark-Energy in Mass Varying Neutrinos: Cosmic
  Microwave Background Radiation and Large Scale Structure",0.7966101694915254
0710.0162,0710.2340,On ground fields of arithmetic hyperbolic reflection groups. II,On ground fields of arithmetic hyperbolic reflection groups. III,0.7954545454545454
0706.3549,0710.0653,On the existence of the critical point in finite density lattice QCD,"Study of the critical point in lattice QCD at high temperature and
  density",0.7924528301886793
0704.3679,0705.3517,Holographic Chaplygin gas model,Holographic tachyon model of dark energy,0.7894736842105263
0708.1488,0710.1851,"Charmonium and open charm production in nuclear collisions at SPS/FAIR
  energies and the possible influence of a hot hadronic medium","Statistical hadronization of charm quarks in ultra-relativistic
  nucleus-nucleus collisions",0.7868852459016393
0706.0791,0707.1231,"A volume inequality for quantum Fisher information and the uncertainty
  principle",A Robertson-type Uncertainty Principle and Quantum Fisher Information,0.7843137254901961
0707.1398,0707.1414,"Experimental studies of liquid-liquid dispersion in a turbulent shear
  flow","Experimental studies of turbulent Taylor-Couette flows: single phase and
  liquid-liquid dispersions",0.7796610169491526
0707.4096,0708.3031,"Concavity for nuclear binding energies, thermodynamical functions and
  density functionals","Bounds to binding energies from the concavity of thermodynamical
  functions",0.7764705882352941
0705.1282,0708.3381,"Design of a Three-Axis Isotropic Parallel Manipulator for Machining
  Applications: The Orthoglide","Architecture Optimization of a 3-DOF Translational Parallel Mechanism
  for Machining Applications, the Orthoglide",0.7755102040816326
0705.4157,0705.4161,"Riesz bases of root vectors of indefinite Sturm-Liouville problems with
  eigenparameter dependent boundary conditions. II","Riesz Bases of Root Vectors of Indefinite Sturm-Liouville problems with
  eigenparameter dependent boundary conditions, I",0.7741935483870968
0704.3312,0709.0682,"Artificial Tongue-Placed Tactile Biofeedback for perceptual
  supplementation: application to human disability and biomedical engineering","Pressure sensor-based tongue-placed electrotactile biofeedback for
  balance improvement - Biomedical application to prevent pressure sores
  formation and falls",0.7692307692307693
0706.3135,0709.0397,"Excited $(70,L^+)$ baryon resonances in the relativistic quark model","Charmed ${\\bf (70,1^-)}$ baryon multiplet",0.7692307692307693
0708.2857,0709.3398,"Spatial image of reaction area from scattering I: SO_mu(2.1) algebra
  formalism","Spatial image of reaction area from scattering.II: On connection between
  the differential cross-sections in transverse momentum and in nearest
  approach parameter",0.7647058823529411
0705.3721,0706.4110,A General Search for New Phenomena in e-p Scattering at HERA,A General Search for New Phenomena at HERA,0.7647058823529411
0705.3720,0706.0296,Analysis of the vertices $DDV$ and $D^*DV$ with light-cone QCD sum rules,"Analysis of the vertices D^*D^* P, D^*D V and DDV with light-cone QCD
  sum rules",0.7619047619047619
0705.1400,0707.2842,A Workspace based Classification of 3R Orthogonal Manipulators,"A Classification of 3R Orthogonal Manipulators by the Topology of their
  Workspace",0.7560975609756098
0704.1740,0706.3297,Charged current deep-inelastic scattering at three loops,Higher Mellin moments for charged current DIS,0.75
0705.1036,0707.3534,Strategies for the Design of a Slide-o-Cam Transmission,The Kinetostatic Optimization of a Novel Prismatic Drive,0.7471264367816092
0707.1306,0707.1548,S\'election simultan\'ee d'index et de vues mat\'erialis\'ees,"Data Mining-based Materialized View and Index Selection in Data
  Warehouses",0.746268656716418
0706.0986,0709.1786,Inflaton Decay in Supergravity,Inflaton Decay in Supergravity and Gravitino Problem,0.7450980392156863
0706.2809,0708.3573,"On the Outage Capacity of a Practical Decoder Using Channel Estimation
  Accuracy","On the Outage Capacity of a Practical Decoder Accounting for Channel
  Estimation Inaccuracies",0.7425742574257426
0707.0412,0707.0914,"Solution of non-singlet DGLAP evolution equation in leading order and
  next-to-leading order at small-x by method of characteristics","Method of characteristics and solution of DGLAP evolution equation in
  leading order (LO) and next to leading order (NLO) at small-x",0.7380952380952381
0708.3749,0708.3751,Berry's phase,Errors and paradoxes in quantum mechanics,0.7368421052631579
0708.3744,0708.3749,The Aharonov-Casher effect,Berry's phase,0.7368421052631579
0710.2752,0710.2757,"Future plan for observation of cosmic gamma rays in the 100 TeV energy
  region with the Tibet air shower array : simulation and sensitivity","Future plan for observation of cosmic gamma rays in the 100 TeV energy
  region with the Tibet air shower array : physics goal and overview",0.7307692307692307
0704.2659,0705.3099,"Minimum Expected Distortion in Gaussian Layered Broadcast Coding with
  Successive Refinement","Distortion Minimization in Gaussian Layered Broadcast Coding with
  Successive Refinement",0.73
0708.1644,0708.3473,"Ricci curvature and geodesic flows stability in Riemannian twisted flux
  tubes",Geodesic plasma flows instabilities of Riemann twisted solar loops,0.7297297297297297
0708.0877,0708.1624,"A Portal Analysis for the Design of a Collaborative Research Environment
  for Students and Supervisors (CRESS) within the CSCR Domain","Designing a Collaborative Research Environment for Students and their
  Supervisors (CRESS)",0.7297297297297297
0707.0391,0710.0557,"On the $L^2$-boundedness of pseudo-differential operators and their
  commutators with symbols in $\\alpha$-modulation spaces","Trace ideals for pseudo-differential operators and their commutators
  with symbols in $\\alpha$-modulation spaces",0.7272727272727273
0705.0738,0705.1036,The Optimization of a Novel Prismatic Drive,Strategies for the Design of a Slide-o-Cam Transmission,0.7272727272727273
0706.1204,0708.0409,"Analytical Form of Current-Voltage Characteristic of a Parallel-Plane
  Ionization Chamber","Analytical form of current-voltage characteristic of parallel-plane,
  cylindrical and spherical ionization chambers with homogeneous ionization",0.725
0704.0140,0709.0163,Entanglement entropy of two-dimensional Anti-de Sitter black holes,Induced gravity and entanglement entropy of 2D black holes,0.7241379310344828
0705.1215,0705.1218,Kinematic Calibration of the Orthoglide-Type Mechanisms,Calibration of quasi-isotropic parallel kinematic Machines: Orthoglide,0.72
0706.0797,0709.4608,An Exceptional VHE Gamma-Ray Flare of PKS 2155-304,A Spectacular VHE Gamma-Ray Outburst from PKS 2155-304 in 2006,0.7156862745098039
0707.1379,0708.0510,"Streamwise evolution of the entrainment in a steady two-dimensional
  bluff-body wake","Transient and asymptotic behaviour of small three-dimensional
  perturbations applied to a growing wake",0.7142857142857143
0707.3002,0709.0595,SIC-POVMs exist in all dimensions,Observables in multi-detector analyses of supernova neutrinos,0.7142857142857143
0707.3002,0708.1068,SIC-POVMs exist in all dimensions,Capability of multi-detector analyses on supernova neutrinos,0.7142857142857143
0704.2186,0705.0620,Metal and molecule cooling in simulations of structure formation,Generating Unexpected Spin Echoes in Dipolar Solids with Pi Pulses,0.7142857142857143
0705.0252,0706.2033,Power Allocation for Discrete-Input Non-Ergodic Block-Fading Channels,Power Allocation for Discrete-Input Delay-Limited Fading Channels,0.7127659574468085
0707.2906,0708.4087,"Two-loop renormalization of scalar and pseudoscalar fermion bilinears on
  the lattice",Higher loop renormalization of fermion bilinear operators,0.7123287671232876
0705.0056,0708.4255,Meta-Stable Brane Configurations with Five NS5-Branes,Meta-Stable Brane Configurations of Triple Product Gauge Groups,0.7083333333333334
0704.3784,0708.3203,"Scalar-tensor black holes coupled to Born-Infeld nonlinear
  electrodynamics","Scalar-tensor black holes coupled to Euler-Heisenberg nonlinear
  electrodynamics",0.7076923076923077
0704.2259,0710.0865,The Wiretap Channel with Feedback: Encryption over the Channel,Secrecy Capacity of the Wiretap Channel with Noisy Feedback,0.7073170731707317
0706.3279,0708.1845,"Measurement of the Branching Fraction for B^0 --> a1(1260)+-pi-+ with
  535 Million BBbar Pairs","Measurements of CP Violation Parameters in B0 -> Kspi0pi0 and B0 -> KsKs
  Decays",0.7058823529411765
0707.3273,0708.2547,"The ALFALFA Search for (Almost) Dark Galaxies across the HI Mass
  Function",HI Cosmology in the Local Universe with ALFALFA,0.7017543859649122
0708.3744,0708.3751,The Aharonov-Casher effect,Errors and paradoxes in quantum mechanics,0.7
0705.0960,0705.0962,Uniqueness Domains in the Workspace of Parallel Manipulators,Definition sets for the Direct Kinematics of Parallel Manipulators,0.6986301369863014
0709.3458,0709.3464,"Large-angle production of charged pions by 3 GeV/c - 12.9 GeV/c protons
  on beryllium, aluminium and lead targets","Large-angle production of charged pions by 3 GeV/c - 12 GeV/c protons on
  carbon, copper and tin targets",0.6956521739130435
0705.0759,0707.0165,Algorithmic Problems in Amalgams of Finite Groups,"Algorithmic Problems in Amalgams of Finite Groups: Conjugacy and
  Intersection Properties",0.6944444444444444
0705.0521,0709.2369,Dark matter and the first stars: a new phase of stellar evolution,"The Effect of Dark Matter on the First Stars: A New Phase of Stellar
  Evolution",0.6938775510204082
0710.1560,0710.1583,Manin's conjecture for a quartic del Pezzo surface with A_4 singularity,Manin's conjecture for a quintic del Pezzo surface with A_2 singularity,0.6923076923076923
0705.1183,0709.4671,Multiple Antenna Secure Broadcast over Wireless Networks,"Secrecy Capacity Region of a Multi-Antenna Gaussian Broadcast Channel
  with Confidential Messages",0.6896551724137931
0706.3979,0707.4657,The informational model - possible tests,The Informational Conception and Basic Physics,0.6896551724137931
0705.0056,0710.0180,Meta-Stable Brane Configurations with Five NS5-Branes,"Meta-Stable Brane Configurations of Multiple Product Gauge Groups with
  Orientifold 6 Plane",0.6862745098039216
0705.4560,0709.4551,A Near-Infrared Stellar Spectral Library: II. K-Band Spectra,A Near-Infrared Stellar Spectral Library: III. J-Band Spectra,0.6857142857142857
0705.1975,0707.4139,Heavy-quark production in massless quark scattering at two loops in QCD,Heavy-quark production in gluon fusion at two loops in QCD,0.6833333333333333
0708.0074,0708.2960,Rational solutions of the Noumi and Yamada system of type $A_4^{(1)}$,Rational Solutions of the Noumi and Yamada System of type $A_5^{(1)}$,0.6818181818181818
0706.3074,0706.4130,"A review of wildland fire spread modelling, 1990-present, 1: Physical
  and quasi-physical models","A review of wildland fire spread modelling, 1990-present 3: Mathematical
  analogues and simulation models",0.68
0707.3389,0709.2298,In-medium chiral SU(3) dynamics and hypernuclear structure,Hypernuclei and in-medium chiral dynamics,0.6785714285714286
0707.1779,0709.2964,"Variational formulation of the motion of an ideal fluid on the basis of
  gauge principle","Variational formulation of ideal fluid flows according to gauge
  principle",0.6785714285714286
0706.2115,0708.1067,"RNA polymerase motors on DNA track: effects of traffic congestion on RNA
  synthesis","Interacting RNA polymerase motors on DNA track: effects of traffic
  congestion and intrinsic noise on RNA synthesis",0.6777777777777778
0705.1765,0705.3619,"A New Class of String Cosmological Models in Cylindrically Symmetric
  Inhomogeneous Universe","A New Class of Inhomogeneous String Cosmological Models in General
  Relativity",0.6764705882352942
0708.1287,0710.2860,Universal derived equivalences of posets of tilting modules,Universal derived equivalences of posets of cluster tilting objects,0.6764705882352942
0704.0171,0709.2550,Discovery of a point-like very-high-energy gamma-ray source in Monoceros,The Monoceros very-high-energy gamma-ray source,0.675
0709.0665,0709.1428,Multiplicity fluctuations in relativistic nuclear collisions,Fluctuations in Statistical Models,0.6736842105263158
0710.0191,0710.2656,Physics Engineering in the Study of the Pioneer Anomaly,Pioneer Anomaly: Evaluating Newly Recovered Data,0.672566371681416
0706.1159,0706.1173,"A one dimensional analysis of turbulence and its intermittence for the
  d-dimensional stochastic Burgers equation","A one dimensional analysis of singularities and turbulence for the
  stochastic Burgers equation in d-dimensions",0.6721311475409836
0708.1603,0708.3466,How the First Stars Regulated Local Star Formation I: Radiative Feedback,Photoionization of Clustered Halos by the First Stars,0.6694214876033058
0705.3517,0708.0118,Holographic tachyon model of dark energy,Interacting holographic generalized Chaplygin gas model,0.6666666666666666
0706.3431,0710.0911,Motion of Hexagonal Pencil on an Inclined Plane,Discrete sets with minimal moment of inertia,0.6666666666666666
0709.2047,0710.0417,"Perturbational approach to the quantum capacity of additive Gaussian
  quantum channel","Quantum capacity of lossy channel with additive classical Gaussian noise
  : a perturbation approach",0.6666666666666666
0709.3791,0710.1996,"Moduli stabilization in 5D gauged supergravity with universal
  hypermultiplet and boundary superpotentials",Radius stabilization in 5D SUGRA models on orbifold,0.6666666666666666
0709.2482,0710.0815,Normal form of m-by-n-by-2 matrices for equivalence,"Canonical form of m-by-2-by-2 matrices over a field of characteristic
  other than two",0.6666666666666666
0707.4632,0709.2507,"Inverse Scattering Theory for One-Dimensional Schroedinger Operators
  with Steplike Periodic Potentials","Scattering Theory for Jacobi Operators with General Steplike
  Quasi-Periodic Background",0.6666666666666666
0704.3023,0708.2359,Fermions in the pseudoparticle approach,Fermionic fields in the pseudoparticle approach,0.6557377049180327
0710.1330,0710.2520,QCD thermodynamics with 2+1 flavors at nonzero chemical potential,The equation of state with nonzero chemical potential for 2+1 flavors,0.6551724137931034
0705.1410,0707.0724,Kinematics analysis of the parallel module of the VERNE machine,Workspace Analysis of the Parallel Module of the VERNE Machine,0.6507936507936508
0707.0706,0707.0708,"Quantization of massive scalar fields over static black string
  backgrounds","Vacuum polarization of massive spinor fields in static black-string
  backgrounds",0.6507936507936508
0707.0075,0707.0078,Herman's Theory Revisited,Herman's Theory Revisited (Extension),0.65
0704.3045,0708.2675,"A possible explanation why the Theta+ is seen in some experiments and
  not in others","An explanation why the Theta+ is seen in some experiments and not in
  others",0.6493506493506493
0706.1867,0708.1478,Exclusive rho0 electroproduction,Exclusive rho^0 production in deep inelastic scattering at HERA,0.6491228070175439
0707.3782,0707.3789,Interactive Small-Step Algorithms I: Axiomatization,"Interactive Small-Step Algorithms II: Abstract State Machines and
  the<br> Characterization Theorem",0.6491228070175439
0707.0026,0708.1500,"Introducing a Probabilistic Structure on Sequential Dynamical Systems,
  Simulation and Reduction of Probabilistic Sequential Networks","The reverse engineering problem with probabilities and sequential
  behavior: Probabilistic Sequential Networks",0.6491228070175439
0704.2728,0707.2696,"An automated system for lung nodule detection in low-dose computed
  tomography",Automated detection of lung nodules in low-dose computed tomography,0.648936170212766
0704.3391,0704.3396,"Lifetime Improvement in Wireless Sensor Networks via Collaborative
  Beamforming and Cooperative Transmission","Lifetime Improvement of Wireless Sensor Networks by Collaborative
  Beamforming and Cooperative Transmission",0.6460176991150443
0706.0652,0709.1908,"The Supersymmetric Parameter Space in Light of B-physics Observables and
  Electroweak Precision Data",Interplay of Electroweak Precision Observables and B Physics Observables,0.6458333333333334
0705.0427,0709.2305,The Integrals of Motion for the Deformed Virasoro Algebra,"The Integrals of Motion for the Deformed W-Algebra $W_{qt}(sl_N^)$ II:
  Proof of the commutation relations",0.6451612903225806
0705.0179,0707.2121,The integrals in Gradshteyn and Ryzhik. Part 4: The Gamma function,The integrals in Gradshteyn and Ryzhik. Part 6: the beta function,0.6428571428571429
0705.2402,0709.3440,"Beyond Collins and Sivers: further measurements of the target transverse
  spin-dependent azimuthal asymmetries in semi-inclusive DIS from COMPASS","New target transverse spin dependent azimuthal asymmetries from COMPASS
  experiment",0.6417910447761194
0706.2953,0710.2236,Running of $\alpha_s$ and $m_b$ in the MSSM,Running of $\alpha_s$ in the MSSM with three-loop accuracy,0.6388888888888888
0706.3231,0709.3106,World-sheet dynamics of ZZ branes,ZZ branes from a worldsheet perspective,0.6388888888888888
0707.2878,0710.2669,Determining the CP properties of the Higgs boson,"Probing CP properties of the Higgs Boson via \\boldmath{e^+e^-\\to t
  \\bar{t}\\phi",0.6363636363636364
0710.0130,0710.0134,Tests \`a la Hurewicz dans le plan,Complexit\'e des bor\'eliens \`a coupes d\'enombrables,0.6363636363636364
0706.1326,0710.2884,"The oscillation stability problem for the Urysohn sphere: A
  combinatorial approach",The Urysohn sphere is oscillation stable,0.6333333333333333
0705.3538,0710.1874,High Density QCD Physics with Heavy Ions in CMS,Soft probes of high density QCD physics with CMS,0.631578947368421
0705.1284,0708.3381,Workspace Analysis of the Orthoglide using Interval Analysis,"Architecture Optimization of a 3-DOF Translational Parallel Mechanism
  for Machining Applications, the Orthoglide",0.631578947368421
0707.2128,0709.0774,"Entropy of the Schwarzschild black hole to all orders in the Planck
  length","Entropy of (2+1)-dimensional de Sitter black hole to all orders in the
  Planck length",0.6285714285714286
0706.2247,0709.2689,A refinement of Khovanov-Rozansky link homology,An algorithm for solving the Independent Set problem,0.625
0708.0104,0708.0125,"Solutions to the nonlinear Schroedinger equation carrying momentum along
  a curve. Part II: proof of the existence result","Solutions to the nonlinear Schroedinger equation carrying momentum along
  a curve. Part I: study of the limit set and approximate solutions",0.625
0707.0247,0708.2245,A dynamical study of the pentaquark Theta+ state,Mathematical Modeling of Control Dynamical Systems,0.625
0706.3431,0708.2245,Motion of Hexagonal Pencil on an Inclined Plane,Mathematical Modeling of Control Dynamical Systems,0.625
0708.2162,0709.2689,Normal Surface Theory in Link Diagrams,An algorithm for solving the Independent Set problem,0.625
0707.0247,0707.3002,A dynamical study of the pentaquark Theta+ state,SIC-POVMs exist in all dimensions,0.625
0707.0247,0709.0595,A dynamical study of the pentaquark Theta+ state,Observables in multi-detector analyses of supernova neutrinos,0.625
0707.0247,0708.1068,A dynamical study of the pentaquark Theta+ state,Capability of multi-detector analyses on supernova neutrinos,0.625
0706.3431,0709.2689,Motion of Hexagonal Pencil on an Inclined Plane,An algorithm for solving the Independent Set problem,0.625
0705.1282,0705.1284,"Design of a Three-Axis Isotropic Parallel Manipulator for Machining
  Applications: The Orthoglide",Workspace Analysis of the Orthoglide using Interval Analysis,0.6226415094339622
0707.3188,0708.0849,"The cubic nonlinear Schr\\\"odinger equation in two dimensions with radial
  data","The mass-critical nonlinear Schr\\\"odinger equation with radial data in
  dimensions three and higher",0.6222222222222222
0704.0630,0708.2461,"The $e^+ e^-\\to K^+ K^- \\pi^+\\pi^-$, $K^+ K^- \\pi^0\\pi^0$ and $K^+ K^-
  K^+ K^-$ Cross Sections Measured with Initial-State Radiation","The $e^+ e^-\\to 2(\\pi^+\\pi^-)\\pi^0$, 2(\\pi^+\\pi^-)\\eta$, $K^+
  K^-\\pi^+\\pi^-\\pi^0$ and $K^+ K^-\\pi^+\\pi^-\\eta$ Cross Sections Measured with
  Initial-State Radiation",0.620253164556962
0706.2553,0708.2167,"Asymptotic freedom and quarks confinement treated through Thompson's
  approach","Thompson's renormalization group method applied to QCD at high energy
  scale",0.6178861788617886
0705.2276,0710.0786,"Measurements of the observed cross sections for $e^+e^- \\to$ light
  hadrons at $\\sqrt{s}=$ 3.773 and 3.650 GeV","Measurements of the observed cross sections for exclusive light hadron
  production in e^+e^- annihilation at \\sqrt{s}= 3.773 and 3.650 GeV",0.6176470588235294
0707.2758,0709.1698,"Measurement of the Semileptonic Decays B --> D tau nubar and B --> D*
  tau nubar","Observation of the Semileptonic Decays B --> D* tau nubar and Evidence
  for B --> D tau nubar",0.6170212765957447
0706.3722,0707.4057,"Measurement of Inclusive Jet Production in Deep-Inelastic Scattering at
  High Q^2 and Determination of the Strong Coupling","Inclusive Jet Production in DIS at High Q^2 and Extraction of the Strong
  Coupling",0.6166666666666667
0705.2241,0710.2486,A New Measure of Fine Tuning,Measuring Fine Tuning In Supersymmetry,0.6153846153846154
0706.0464,0706.0488,Jordan Triple Elementary Maps on Rings,Additivity of Jordan Elementary Maps on Rings,0.6153846153846154
0708.4255,0710.0180,Meta-Stable Brane Configurations of Triple Product Gauge Groups,"Meta-Stable Brane Configurations of Multiple Product Gauge Groups with
  Orientifold 6 Plane",0.6153846153846154
0704.3500,0705.1454,"Une plate-forme dynamique pour l'\\'evaluation des performances des bases
  de donn\\'ees \\`a objets",DOEF: A Dynamic Object Evaluation Framework,0.6145833333333334
0708.3801,0708.3803,Heavy-quark production from Glauber-Gribov theory at LHC,"Multiplicity and cold-nuclear matter effects from Glauber-Gribov theory
  at LHC",0.6129032258064516
0704.1063,0706.0945,SiO maser observations of a wide dust-temperature range sample,"Correlation between Infrared Colors and Intensity Ratios of SiO Maser
  Lines",0.6103896103896104
0707.3859,0709.2072,"Light-Front Dynamics and AdS/QCD Correspondence: The Pion Form Factor in
  the Space- and Time-Like Regions",AdS/CFT and Exclusive Processes in QCD,0.6086956521739131
0710.1996,0710.2715,Radius stabilization in 5D SUGRA models on orbifold,Off-shell dimensional reduction of 5D orbifold supergravity,0.6078431372549019
0710.1337,0710.2502,Search for Rare b-hadron Decays at CDF,Search for rare b-meson decays at CDF,0.6071428571428571
0704.0640,0706.1973,Skew-Hadamard matrices of orders 188 and 388 exist,"Skew-Hadamard matrices of orders 436, 580 and 988 exist",0.6071428571428571
0706.4007,0709.2241,"Transmission des forces dans un milieu compos\\'e de grains non
  sph\\'eriques",Influence of particle shape on shear stress in granular media,0.6052631578947368
0705.0904,0705.3623,"String Cosmological Model in Cylindrically Symmetric Inhomogeneous
  Universe with Electromagnetic Field","String Cosmological Model in Cylindrically Symmetric Inhomogeneous
  Universe with Electromagnetic Field II",0.6037735849056604
0706.4248,0708.4110,Gap Formation in the Dust Layer of 3D Protoplanetary Disks,"The effect of a planet on the dust distribution in a 3D protoplanetary
  disk",0.6033057851239669
0704.3501,0705.1453,Conception d'un banc d'essais d\'ecisionnel,DWEB: A Data Warehouse Engineering Benchmark,0.6021505376344086
0704.1104,0709.3090,"On the induction of the four-dimensional Lorentz-breaking non-Abelian
  Chern-Simons action",The ambiguity-free four-dimensional Lorentz-breaking Chern-Simons action,0.6
0707.1382,0710.0911,Thermal Phase in Bubbling Geometries,Discrete sets with minimal moment of inertia,0.6
0706.3438,0706.3442,Dijet correlations in $pp$ collisions at RHIC,Photon-jet correlations in hadronic collisions,0.6
0704.1333,0705.4047,"A dynamical version of the Mordell-Lang conjecture for the additive
  group",p-adic logarithms for polynomial dynamics,0.6
0705.1872,0709.4657,"Linear Relations and their Breakdown in High Energy Massive String
  Scatterings in Compact Spaces",Power-law Behavior of High Energy String Scatterings in Compact Spaces,0.5970149253731343
0705.3587,0709.1620,"Schr\\\"odinger-Wheeler-DeWitt equation in chaplygin gas FRW cosmological
  model","Quantum Stephani exact cosmological solutions and the selection of time
  variable",0.5964912280701754
0704.0863,0706.3754,A binary model for the UV-upturn of elliptical galaxies (MNRAS version),Binary Stars as the Source of the Far-UV Excess in Elliptical Galaxies,0.5952380952380952
0707.0138,0708.4089,Search for B -> h(*) nu nubar Decays at Belle,Measurement of B -> D*- tau+ nu and B -> h(*) nu nubar Decays at Belle,0.59375
0707.4337,0710.2619,"Double Lepton Polarization in $\\Lambda_b -->\\Lambda l^+ l^-$ Decay in
  the Standard Model with Fourth Generations Scenario","The Effects of Fourth Generation on the double Lepton Polarization in B
  \\rar K \\ell^+ \\ell^- decay",0.5918367346938775
0705.4402,0710.1154,"What the Infrared Behaviour of QCD Vertex Functions in Landau gauge can
  tell us about Confinement","Dynamically induced scalar quark confinement: A link between chiral
  symmetry breaking and confinement",0.5915492957746479
0705.1992,0705.3006,Integral group ring of the Mathieu simple group M24,Integral group ring of Rudvalis simple group,0.5909090909090909
0705.3002,0705.3006,Integral group ring of the McLaughlin simple group,Integral group ring of Rudvalis simple group,0.5909090909090909
0704.3851,0706.0739,The Statistics of Supersonic Isothermal Turbulence,Scaling Laws and Intermittency in Highly Compressible Turbulence,0.5897435897435898
0706.1798,0706.3484,"New QCD fits to HERA data and search for exclusive events at the
  Tevatron",Diffraction at HERA and implications for Tevatron and LHC,0.5882352941176471
0706.1204,0706.3913,"Analytical Form of Current-Voltage Characteristic of a Parallel-Plane
  Ionization Chamber","Current-voltage characteristic of parallel-plane ionization chamber with
  inhomogeneous ionization",0.5882352941176471
0705.3808,0706.0329,"Parabolic equations with measurable coefficients in $L_p$-spaces with
  mixed norms","Parabolic equations with partially VMO coefficients and boundary value
  problems in Sobolev spaces with mixed norms",0.5882352941176471
0706.1547,0707.4016,"Two-loop Corrections for Nuclear Matter in a Covariant Effective Field
  Theory",Loop Corrections and Naturalness in a Chiral Effective Field Theory,0.5871559633027523
0704.1022,0705.4116,"Almost sure functional central limit theorem for non-nestling random
  walk in random environment","Almost sure functional central limit theorem for ballistic random walk
  in random environment",0.5853658536585366
0707.1846,0708.3034,"Dust formation by bubble-burst phenomenon at the surface of a liquid
  steel bath",Dust formation in electric arc furnace : birth of the particles,0.5842696629213483
0710.0131,0710.0132,Uniformisations partielles et crit\`eres \`a la Hurewicz dans le plan,Classes de Wadge potentielles des bor\'eliens \`a coupes d\'enombrables,0.5833333333333334
0704.0530,0707.3522,"Noncommutative Solitons in a Supersymmetric Chiral Model in 2+1
  Dimensions",Supersymmetric noncommutative solitons,0.5833333333333334
0704.2334,0705.2926,"No interactions for a collection of spin-two fields intermediated by a
  massive Rarita-Schwinger field","No interactions for a collection of Weyl gravitons intermediated by a
  scalar field",0.582089552238806
0705.0791,0707.1914,Towards a New Standard Model for Black Hole Accretion,Towards a New Standard Theory for Astrophysical Disk Accretion,0.58
0704.0369,0707.4545,"The effect of Topcolor Assisted Technicolor, and other models, on
  Neutrino Oscillation","Constraints on New Physics from Long Baseline Neutrino Oscillation
  Experiments",0.5795454545454546
0704.0736,0705.2294,$p$-Adic Haar multiresolution analysis,$p$-Adic Haar multiresolution analysis and pseudo-differential operators,0.5783132530120482
0705.3894,0707.2199,Is Thick Brane Model Consistent with the Recent Observations?,"Observational constraints on the braneworld model with brane-bulk energy
  exchange",0.5775862068965517
0704.2158,0706.3442,Photon-jet correlations in $pp$ and $p \bar p$ collisions,Photon-jet correlations in hadronic collisions,0.576271186440678
0705.2415,0705.2417,GRB970228 as a prototype for short GRBs with afterglow,Theoretical interpretation of GRB 011121,0.5757575757575758
0708.4128,0710.2160,"On radio emission of the Geminga pulsar and RBS 1223 at the frequency of
  111 MHz","A search for pulsed radio emission from anomalous X-ray pulsar 4U
  0142+61 at the frequency of 111 MHz",0.5757575757575758
0708.0050,0709.4165,"Evidence for charged B meson decays to a1(1260)+/- pi0 and a1(1260)0
  pi+/-","Observation of B^+ Meson Decays to a1(1260)^+ K^0 and B^0 to a1(1260)^-
  K^+",0.5757575757575758
0704.3415,0705.2202,Quantum decoherence in the theory of open systems,"Quantum decoherence and classical correlations of the harmonic
  oscillator in the Lindblad theory",0.575
0705.0449,0709.1941,Multiresolution Approximation of Polygonal Curves in Linear Complexity,"Speeding up Simplification of Polygonal Curves using Nested
  Approximations",0.5714285714285714
0709.1824,0710.2010,Monte Carlo Simulations for NLO Chargino Production at the ILC,NLO Event Simulation for Chargino Production at the ILC,0.5714285714285714
0704.2321,0705.2926,No multi-graviton theories in the presence of a Dirac field,"No interactions for a collection of Weyl gravitons intermediated by a
  scalar field",0.5714285714285714
0704.2656,0704.3407,"Couplings between a collection of BF models and a set of three-form
  gauge fields",On the generalized Freedman-Townsend model,0.5694444444444444
0705.2276,0705.2796,"Measurements of the observed cross sections for $e^+e^- \\to$ light
  hadrons at $\\sqrt{s}=$ 3.773 and 3.650 GeV",Recent Results on non$-D\bar D$ decays of $\psi(3770)$ from BES,0.5675675675675675
0704.3446,0710.1843,Phenomenology of GUT-less Supersymmetry Breaking,Dark Matter Phenomenology of GUT-less SUSY Breaking,0.5670103092783505
0708.0299,0710.2948,Spectral properties of quarks above T_c in quenched lattice QCD,Spectral Properties of Quarks in the Quark-Gluon Plasma,0.5666666666666667
0705.4326,0705.4327,"Multiplicity and stability of closed geodesics on bumpy Finsler
  3-spheres",Multiple closed geodesics on bumpy Finsler $n$-spheres,0.5652173913043478
0710.2386,0710.2973,Local Convexity Properties of j-metric Balls,Local Convexity Properties of Quasihyperbolic Balls in Punctured Space,0.5625
0705.1343,0705.1399,"The Optimal Design of Three Degree-of-Freedom Parallel Mechanisms for
  Machining Applications",A New Concept of Modular Parallel Mechanism for Machining Applications,0.5625
0706.4441,0708.3027,"Free $n$-distributions: holonomy, sub-Riemannian structures, Fefferman
  constructions and dual distributions","Free 3-distributions: holonomy, Fefferman constructions and dual
  distributions",0.5625
0706.3651,0709.0630,"Super strong nuclear force caused by migrating Kbar mesons - Revival of
  the Heitler-London-Heisenberg scheme in kaonic nuclear clusters","The basic K nuclear cluster K- pp and its enhanced formation in the p +
  p -> K+ + X reaction",0.5617977528089888
0705.4327,0709.1243,Multiple closed geodesics on bumpy Finsler $n$-spheres,The existence of two closed geodesics on every Finsler 2-sphere,0.56
0705.0947,0709.3174,"String Junction and Diffusion of Baryon Charge in Multiparticle
  Production Processes","Midrapidity Production of Secondaries in pp Collisions at RHIC and LHC
  Energies in the Quark-Gluon String Model",0.5588235294117647
0707.2430,0707.3317,"A study of logarithmic corrections and universal amplitude ratios in the
  two-dimensional 4-state Potts model","Logarithmic corrections and universal amplitude ratios in the 4-state
  Potts model",0.5581395348837209
0710.2575,0710.2576,Scattering of a Klein-Gordon particle by a Hulth\'en potential,"Transmission resonances for a Dirac particle in a one-dimensional
  Hulth\\'en potential",0.5581395348837209
0705.0759,0706.0101,Algorithmic Problems in Amalgams of Finite Groups,Reading Off Kurosh Decompositions,0.5581395348837209
0705.3534,0710.1157,On circulant states with positive partial transpose,Multipartite circulant states with positive partial transposes,0.5573770491803278
0708.2245,0710.0911,Mathematical Modeling of Control Dynamical Systems,Discrete sets with minimal moment of inertia,0.5555555555555556
0706.3431,0707.0247,Motion of Hexagonal Pencil on an Inclined Plane,A dynamical study of the pentaquark Theta+ state,0.5555555555555556
0706.4398,0709.2199,"Strong-Coupling Superconductivity of CeIrSi$_3$ with the
  Non-centrosymmetric Crystal Structure","High pressure study on the strong-coupling superconductivity in
  non-centrosymmetric compound CeIrSi_3",0.5555555555555556
0706.1693,0706.2537,"Unsymmetrical and symmetrical one-range addition theorems for Slater
  type orbitals and Coulomb-Yukawa like correlated interaction potentials of
  integer and noninteger indices","One-Range Addition Theorems in Terms of -ETOs for STOs and
  Coulomb-Yukawa Like Correlated Interaction Potentials of Integer and
  Noninteger Indices",0.5555555555555556
0706.2247,0708.2162,A refinement of Khovanov-Rozansky link homology,Normal Surface Theory in Link Diagrams,0.5555555555555556
0707.1382,0709.2689,Thermal Phase in Bubbling Geometries,An algorithm for solving the Independent Set problem,0.5555555555555556
0706.3431,0708.2162,Motion of Hexagonal Pencil on an Inclined Plane,Normal Surface Theory in Link Diagrams,0.5555555555555556
0709.2689,0710.0911,An algorithm for solving the Independent Set problem,Discrete sets with minimal moment of inertia,0.5555555555555556
0705.2198,0710.2795,Charmonium at high temperature in two-flavor QCD,Charmonium properties in the quark-gluon plasma,0.5555555555555556
0706.2247,0706.3431,A refinement of Khovanov-Rozansky link homology,Motion of Hexagonal Pencil on an Inclined Plane,0.5555555555555556
0706.2247,0707.0513,A refinement of Khovanov-Rozansky link homology,On the zero-temperature limit of one-dimensional Gibbs measures,0.5555555555555556
0707.1382,0708.2245,Thermal Phase in Bubbling Geometries,Mathematical Modeling of Control Dynamical Systems,0.5555555555555556
0705.1273,0708.2245,On regularity of SLE_8 curves,Mathematical Modeling of Control Dynamical Systems,0.5555555555555556
0705.0433,0707.2887,"Physical properties of the jet in 0836+710 revealed by its transversal
  structure","Kelvin-Helmholtz modes revealed by the transversal structure of the jet
  in 0836+710",0.5520833333333334
0707.3900,0707.3909,"Schr\\\"odinger operators on armchair nanotubes. II","Schr\\\"odinger operators on armchair nanotubes. I",0.5517241379310345
0705.0686,0707.0123,"Identified particle measurements at large transverse momenta from p+p to
  Au+Au collisions at RHIC","Identified particle measurements at large transverse momenta in Cu+Cu
  collisions at RHIC",0.5512820512820513
0706.0101,0707.0165,Reading Off Kurosh Decompositions,"Algorithmic Problems in Amalgams of Finite Groups: Conjugacy and
  Intersection Properties",0.55
0706.3074,0706.4128,"A review of wildland fire spread modelling, 1990-present, 1: Physical
  and quasi-physical models","A review of wildland fire spread modelling, 1990-present 2: Empirical
  and quasi-empirical models",0.5487804878048781
0705.3095,0708.0872,"Decay of massive scalar hair in the background of a dilaton gravity
  black hole",Decay of massive hair on brane black hole,0.5476190476190477
0708.4413,0710.2135,IC 4406: a radio-infrared comparison,IC 4406: a radio-infrared view,0.5466666666666666
0707.3242,0707.4337,"Double Lepton Polarization Forward--Backward Asymmetries in B \\rar
  K^\\ast \\ell^+ \\ell^- Decay in the SM4","Double Lepton Polarization in $\\Lambda_b -->\\Lambda l^+ l^-$ Decay in
  the Standard Model with Fourth Generations Scenario",0.5454545454545454
0708.2356,0708.2357,Abundant stable gauge field hair for black holes in anti-de Sitter space,"Soliton and black hole solutions of su(N) Einstein-Yang-Mills theory in
  anti-de Sitter space",0.5454545454545454
0709.0728,0709.3019,Coherent pion production in neutrino-nucleus collisions,Neutrino-induced coherent pion production,0.543859649122807
0705.2068,0705.3871,Hawking radiation from black holes in de Sitter spaces,"Anomalies and de Sitter radiation from the generic black holes in de
  Sitter spaces",0.5421686746987951
0705.1992,0705.2391,Integral group ring of the Mathieu simple group M24,Torsion units in integral group ring of Higman-Sims simple group,0.5416666666666666
0705.2391,0705.3002,Torsion units in integral group ring of Higman-Sims simple group,Integral group ring of the McLaughlin simple group,0.5416666666666666
0704.0783,0704.0787,Stability of a finite volume scheme for the incompressible fluids,Convergence of a finite volume scheme for the incompressible fluids,0.5416666666666666
0706.2716,0707.3189,Fusion algebra of critical percolation,Fusion Algebras of Logarithmic Minimal Models,0.5392156862745098
0704.1273,0706.0972,Coniveau over $p$-adic fields and points over finite fields,"Congruence for rational points over finite fields and coniveau over
  local fields",0.5384615384615384
0708.2003,0708.2005,The logarithmic Sobolev inequality along the Ricci flow in dimension 2,"The logarithmic Sobolev inequality along the Ricci flow: the case
  $\\lambda_0(g_0)=0$",0.5384615384615384
0706.0956,0710.2423,"Search for deconfinement in the cluster at ultrarelativistic heavy ion
  collisions","Centrality dependence of some characteristics of relativistic nuclear
  interactions and percolation cluster formation",0.5384615384615384
0705.0964,0710.0665,Infrared Gluon and Ghost Propagator Exponents From Lattice QCD,Infrared exponents of gluon and ghost propagators from Lattice QCD,0.5384615384615384
0707.1540,0708.4044,"Two-Frequency Radiative Transfer. II: Maxwell Equations in Random
  Dielectrics","Mutual Coherence of Polarized Light in Disordered Media: Two-Frequency
  Method Extended",0.5365853658536586
0704.0375,0709.4322,"Rich methane premixed laminar flames doped by light unsaturated
  hydrocarbons - Part I : allene and propyne","Rich methane laminar flames doped with light unsaturated hydrocarbons.
  Part II: 1,3butadiene",0.5350877192982456
0705.1272,0708.3896,The Isoconditioning Loci of Planar Three-DOF Parallel Manipulators,The Isoconditioning Loci of Planar Three-DOF Parallel Manipulators,0.5344827586206896
0705.1284,0707.2833,Workspace Analysis of the Orthoglide using Interval Analysis,"A Comparative Study between Two Three-DOF Parallel Kinematic Machines
  using Kinetostatic Criteria and Interval Analysis",0.5333333333333333
0705.2241,0707.1255,A New Measure of Fine Tuning,Fine Tuning in Supersymmetric Models,0.5319148936170213
0709.1420,0709.1430,"Compact differences of composition operators from Bloch space to bounded
  holomorphic function space in the Polydisc",Difference of composition operators in the Polydiscs,0.53125
0705.2770,0708.2430,"Schwinger Mechanism for Quark-Antiquark Production in the Presence of
  Arbitrary Time Dependent Chromo-Electric Field","Schwinger Mechanism for Gluon Pair Production in the Presence of
  Arbitrary Time Dependent Chromo-Electric Field",0.53125
0706.2025,0706.4035,"On the Performance Evaluation of Encounter-based Worm Interactions Based
  on Node Characteristics",Encounter-based worms: Analysis and Defense,0.5298507462686567
0707.1370,0707.2767,Neutral-current Neutrino-nucleus Scattering in Quasielastic Region,"Strange quark contributions to neutrino and antineutrino nucleus
  scattering via neutral current in quasi-elastic region",0.5294117647058824
0704.2977,0708.1140,Liquid elasticity length and universal dynamic crossovers,"Liquid elasticity length, universal dynamic crossovers and glass
  transition",0.5294117647058824
0709.2460,0709.2463,"The problems of classifying pairs of forms and local algebras with zero
  cube radical are wild","Problems of classifying associative or Lie algebras and triples of
  symmetric or skew-symmetric matrices are wild",0.5263157894736842
0704.3537,0706.3438,"Dijet correlations at RHIC, leading-order $k_t$-factorization approach
  versus next-to-leading order collinear approach",Dijet correlations in $pp$ collisions at RHIC,0.525
0704.2684,0710.1489,"Effects of Lepton Flavour Violation on Chargino Production at the Linear
  Collider",Lepton Flavour Violating Effects on Chargino Production at the ILC,0.525
0705.1765,0705.3623,"A New Class of String Cosmological Models in Cylindrically Symmetric
  Inhomogeneous Universe","String Cosmological Model in Cylindrically Symmetric Inhomogeneous
  Universe with Electromagnetic Field II",0.525
0708.1458,0708.1840,DNA Nanorobotics,Prototyping Bio-Nanorobots using Molecular Dynamics Simulation,0.5245901639344263
0708.0268,0709.0016,"Generalized Parton Distributions from Hadronic Observables: Non-Zero
  Skewness",Generalized Parton Distributions from Hadronic Observables,0.524390243902439
0707.2446,0707.2659,"Control of poultry chicken malaria by surface functionalized amorphous
  nanosilica","Control of rodent sleeping sickness disease by surface functionalized
  amorphous nanosilica",0.5232558139534884
0706.3026,0709.1169,"Precise Determination of the I=2 pipi Scattering Length from
  Mixed-Action Lattice QCD",The K+K+ Scattering Length from Lattice QCD,0.5230769230769231
0708.0702,0708.0716,Quasi Exactly Solvable Difference Equations,Multi-Particle Quasi Exactly Solvable Difference Equations,0.5208333333333334
0707.2833,0708.1049,"A Comparative Study between Two Three-DOF Parallel Kinematic Machines
  using Kinetostatic Criteria and Interval Analysis","An Interval Analysis Based Study for the Design and the Comparison of
  3-DOF Parallel Kinematic Machines",0.5205479452054794
0706.1600,0709.3464,"Measurement of the production of charged pions by protons on a tantalum
  target","Large-angle production of charged pions by 3 GeV/c - 12 GeV/c protons on
  carbon, copper and tin targets",0.5204081632653061
0705.1443,0705.3537,Embedding Degree of Hyperelliptic Curves with Complex Multiplication,p-torsion of Genus Two Curves Over Prime Fields of Characteristic p,0.52
0704.2873,0704.3386,"Coupled Painlev\\'e III system with affine Weyl group symmetry of type
  $D_6^{(1)}$",Four-dimensional Painlev\'e systems of types $D_5^{(1)}$ and $B_4^{(1)}$,0.52
0704.2476,0704.3386,"Coupled Painlev\\'e III systems with affine Weyl group symmetry of types
  $B_4^{(1)}$, $D_4^{(1)}$ and $D_5^{(2)}$",Four-dimensional Painlev\'e systems of types $D_5^{(1)}$ and $B_4^{(1)}$,0.5172413793103449
0708.2972,0708.3948,The inverse fallacy and quantum formalism,The conjunction fallacy and interference effects,0.5172413793103449
0704.3486,0710.0341,"An iterative method to compute the sign function of a non-Hermitian
  matrix and its application to the overlap Dirac operator at nonzero chemical
  potential","An iterative method to compute the overlap Dirac operator at nonzero
  chemical potential",0.5168539325842697
0708.3432,0708.3433,Switching the current through molecular wires,"Coherent destruction of the current through molecular wires using short
  laser pulses",0.5142857142857142
0705.2954,0706.0282,Search for Single-Top Production at CDF,Single Top Results from CDF,0.5142857142857142
0705.1742,0710.1326,"Magnetar Driven Bubbles and the Origin of Collimated Outflows in
  Gamma-ray Bursts",Magnetar Driven Bubbles and the Origin of Collimated Outflows from GRBs,0.5138888888888888
0707.4239,0707.4240,"Tracial gauge norms on finite von Neumann algebras satisfying the weak
  Dixmier property",Unitarily invariant norms related to factors,0.5131578947368421
0705.2796,0710.2176,Recent Results on non$-D\bar D$ decays of $\psi(3770)$ from BES,"Experimental studies of the $\\pi^+\\pi^-\\pi^+\\pi^-\\pi^0$,
  $K^+K^-\\pi^+\\pi^-\\pi^0$ and $p\\bar p\\pi^+\\pi^-\\pi^0$ final states produced in
  $e^+e^-$ annihilation at $\\sqrt{s}=$ 3.773 and 3.650 GeV",0.5128205128205128
0704.0211,0707.1577,Linkedness and ordered cycles in digraphs,k-Ordered Hamilton cycles in digraphs,0.5121951219512195
0709.0098,0710.3014,WMAP-Compliant Benchmark Surfaces for MSSM Higgs Bosons,"Higgs-Boson Benchmarks in Agreement with CDM, EWPO and BPO",0.5121951219512195
0709.1239,0710.2925,"Bridging over p-wave pi-production and weak processes in few-nucleon
  systems with chiral perturbation theory","Bridging over p-wave pi-production and weak processes in few-nucleon
  systems with chiral perturbation theory",0.5116279069767442
0705.1571,0705.1743,"The Energy-Level Shifts of a Stationary Hydrogen Atom in Static External
  Gravitational Field with Schwarzschild Geometry",Gravitational Corrections to the Energy-Levels of a Hydrogen Atom,0.5116279069767442
0706.2440,0706.2441,"Reducible Families of Curves with Ordinary Multiple Points on Surfaces
  in Projective Three-Space","Some obstructed equisingular families of curves on surfaces in
  projective three-space",0.5106382978723404
0707.3073,0707.4639,About Bianchi I with time varying constants,About Bianchi I with VSL,0.51
0708.1411,0708.1413,"Achievable Outage Rates with Improved Decoding of Bicm Multiband Ofdm
  Under Channel Estimation Errors","On Optimal Turbo Decoding of Wideband MIMO-OFDM Systems Under Imperfect
  Channel State Information",0.5098039215686274
0705.1400,0707.2228,A Workspace based Classification of 3R Orthogonal Manipulators,Kinematic Analysis of a Family of 3R Manipulators,0.5094339622641509
0705.2995,0705.4593,"On the Riemann zeta-function, Part III","On the Riemann zeta-function, Parts IV-V",0.5087719298245614
0706.4328,0710.0838,QCD factorizations in gamma* gamma* --> rho_L^0 rho_L^0,"Studying QCD factorizations in exclusive gamma* gamma* -> rho^0_L
  rho^0_L",0.5084745762711864
0705.4281,0705.4300,Approximation orders for interpolation by surface splines to rough functions,Error estimates for interpolation of rough data using the scattered shifts of a radial basis function,0.5081967213114754
0706.3118,0707.3883,"The structural and magnetic properties of (In1-xFex)2O3 (0.0 <= x <=
  0.25) system : prepared by gel combustion method","Room temperature Ferromagnetism in Th1-xFexO2-d (x = 0.0, 0.05, 0.10,
  0.15, 0.20 and 0.25) nanoparticles",0.5074626865671642
0707.3854,0710.2185,eta photoproduction and N* resonances,A new nucleon resonance in eta photoproduction,0.5056179775280899
0707.3456,0707.4023,Effects of Jet Opening Angle and Velocity Structure on Blazar Parameters,"Influence of the jet opening angle on the derived kinematical parameters
  of blazar jets having uniform and stratified bulk motion",0.5041322314049587
